user_285391,jay,1234,indore,jay@gmail.com
user_213557,vijay,1234,bhopal,vijay@gmail.com
user_193485,divya,5678,jaipur,divya@gmail.com
user_154678,sanjay,9876,delhi,sanjay@gmail.com
user_235698,preeti,4321,mumbai,preeti@gmail.com
user_385714,arjun,8765,jaipur,arjun@gmail.com
user_176432,kriti,5678,ahmedabad,kriti@gmail.com
user_347896,rohan,9876,mumbai,rohan@gmail.com
user_209387,neha,3456,delhi,neha@gmail.com